{"train_algo/loss_group:0": 4.979852199554443, "train_algo/loss_group:1": 6.185447692871094, "train_algo/loss_group:2": 19.843151092529297, "train_algo/loss_group:3": 24.820812225341797, "train_algo/loss_avg": 13.957316807338167, "train_algo/acc_group:0": 0.6071428060531616, "train_algo/acc_group:1": 0.5357142686843872, "train_algo/acc_group:2": 0.4821428656578064, "train_algo/acc_group:3": 0.3571428656578064, "train_algo/acc_avg": 0.49553571428571425, "train_algo/objective": 13.957316807338167, "train_algo/count_group:0": 56.0, "train_algo/count_group:1": 56.0, "train_algo/count_group:2": 56.0, "train_algo/count_group:3": 56.0, "train_algo/count": 224, "train_algo/epoch": 2, "train_algo/batch": 4, "_timestamp": 1704386310.0326214, "_runtime": 61.53236436843872, "_step": 15, "train_eval/acc_avg": 0.4955357015132904, "train_eval/acc_y:landbird_background:land": 0.6071428656578064, "train_eval/count_y:landbird_background:land": 56.0, "train_eval/acc_y:landbird_background:water": 0.5357142686843872, "train_eval/count_y:landbird_background:water": 56.0, "train_eval/acc_y:waterbird_background:land": 0.4821428656578064, "train_eval/count_y:waterbird_background:land": 56.0, "train_eval/acc_y:waterbird_background:water": 0.3571428656578064, "train_eval/count_y:waterbird_background:water": 56.0, "train_eval/acc_wg": 0.3571428656578064, "train_eval/adj_acc_avg": 0.5478325712171163, "train_eval/acc_y:landbird": 0.5714285969734192, "train_eval/count_y:landbird": 112.0, "train_eval/acc_y:waterbird": 0.4196428656578064, "train_eval/count_y:waterbird": 112.0, "train_eval/epoch": 2, "val_algo/loss_group:0": 17.76839256286621, "val_algo/loss_group:1": 18.394954681396484, "val_algo/loss_group:2": 1.3076498817099491e-06, "val_algo/loss_group:3": 8.514920324387276e-08, "val_algo/loss_avg": 14.069965461177365, "val_algo/acc_group:0": 0.0, "val_algo/acc_group:1": 0.0, "val_algo/acc_group:2": 1.0, "val_algo/acc_group:3": 1.0, "val_algo/acc_avg": 0.22185154295246037, "val_algo/objective": 14.069965461177365, "val_algo/count_group:0": 467.0, "val_algo/count_group:1": 466.0, "val_algo/count_group:2": 133.0, "val_algo/count_group:3": 133.0, "val_algo/count": 1199, "val_algo/epoch": 2, "val_algo/batch": 19, "val_eval/acc_avg": 0.22185154259204865, "val_eval/acc_y:landbird_background:land": 0.0, "val_eval/count_y:landbird_background:land": 467.0, "val_eval/acc_y:landbird_background:water": 0.0, "val_eval/count_y:landbird_background:water": 466.0, "val_eval/acc_y:waterbird_background:land": 1.0, "val_eval/count_y:waterbird_background:land": 133.0, "val_eval/acc_y:waterbird_background:water": 1.0, "val_eval/count_y:waterbird_background:water": 133.0, "val_eval/acc_wg": 0.0, "val_eval/adj_acc_avg": 0.2321167883211679, "val_eval/acc_y:landbird": 0.0, "val_eval/count_y:landbird": 933.0, "val_eval/acc_y:waterbird": 1.0, "val_eval/count_y:waterbird": 266.0, "val_eval/epoch": 2, "test_algo/loss_group:0": 14.15760612487793, "test_algo/loss_group:1": 14.513941764831543, "test_algo/loss_group:2": 7.808117516105995e-06, "test_algo/loss_group:3": 4.993047468815348e-07, "test_algo/loss_avg": 11.158844186437138, "test_algo/acc_group:0": 0.0, "test_algo/acc_group:1": 0.0, "test_algo/acc_group:2": 1.0, "test_algo/acc_group:3": 1.0, "test_algo/acc_avg": 0.2216085605799102, "test_algo/objective": 11.158844186437138, "test_algo/count_group:0": 2255.0, "test_algo/count_group:1": 2255.0, "test_algo/count_group:2": 642.0, "test_algo/count_group:3": 642.0, "test_algo/count": 5794, "test_algo/epoch": 1, "test_algo/batch": 91, "test_eval/acc_avg": 0.22160856425762177, "test_eval/acc_y:landbird_background:land": 0.0, "test_eval/count_y:landbird_background:land": 2255.0, "test_eval/acc_y:landbird_background:water": 0.0, "test_eval/count_y:landbird_background:water": 2255.0, "test_eval/acc_y:waterbird_background:land": 1.0, "test_eval/count_y:waterbird_background:land": 642.0, "test_eval/acc_y:waterbird_background:water": 1.0, "test_eval/count_y:waterbird_background:water": 642.0, "test_eval/acc_wg": 0.0, "test_eval/adj_acc_avg": 0.2321167883211679, "test_eval/acc_y:landbird": 0.0, "test_eval/count_y:landbird": 4510.0, "test_eval/acc_y:waterbird": 1.0, "test_eval/count_y:waterbird": 1284.0, "test_eval/epoch": 1, "_wandb": {"runtime": 63}}