{"train_algo/loss_group:0": 0.003955471329391003, "train_algo/loss_group:1": 0.0003942908952012658, "train_algo/loss_group:2": 0.0008992628427222371, "train_algo/loss_group:3": 0.0007844842621125281, "train_algo/loss_avg": 0.0023507680942953775, "train_algo/acc_group:0": 0.9989269971847534, "train_algo/acc_group:1": 1.0, "train_algo/acc_group:2": 1.0, "train_algo/acc_group:3": 1.0, "train_algo/acc_avg": 0.9994850671868365, "train_algo/objective": 0.0023507680942953775, "train_algo/count_group:0": 1864.0, "train_algo/count_group:1": 93.0, "train_algo/count_group:2": 1821.0, "train_algo/count_group:3": 106.0, "train_algo/count": 3884, "train_algo/epoch": 49, "train_algo/batch": 381, "_timestamp": 1704454555.9811409, "_runtime": 6732.977502822876, "_step": 537, "train_eval/acc_avg": 0.9998562335968018, "train_eval/acc_y:notblond_male:0": 0.999782145023346, "train_eval/count_y:notblond_male:0": 22953.0, "train_eval/acc_y:notblond_male:1": 1.0, "train_eval/count_y:notblond_male:1": 1464.0, "train_eval/acc_y:blond_male:0": 0.9999125599861145, "train_eval/count_y:blond_male:0": 22880.0, "train_eval/acc_y:blond_male:1": 1.0, "train_eval/count_y:blond_male:1": 1387.0, "train_eval/acc_wg": 0.999782145023346, "train_eval/acc_y:notblond": 0.9997951984405518, "train_eval/count_y:notblond": 24417.0, "train_eval/acc_y:blond": 0.9999175667762756, "train_eval/count_y:blond": 24267.0, "train_eval/epoch": 49, "val_algo/loss_group:0": 0.6079035997390747, "val_algo/loss_group:1": 0.34827956557273865, "val_algo/loss_group:2": 0.35070109367370605, "val_algo/loss_group:3": 0.9124243259429932, "val_algo/loss_avg": 0.4653341928191785, "val_algo/acc_group:0": 0.9095485210418701, "val_algo/acc_group:1": 0.9438133239746094, "val_algo/acc_group:2": 0.9213637113571167, "val_algo/acc_group:3": 0.8021976947784424, "val_algo/acc_avg": 0.9245482458438024, "val_algo/objective": 0.4653341928191785, "val_algo/count_group:0": 8535.0, "val_algo/count_group:1": 8276.0, "val_algo/count_group:2": 2874.0, "val_algo/count_group:3": 182.0, "val_algo/count": 19867, "val_algo/epoch": 49, "val_algo/batch": 156, "val_eval/acc_avg": 0.9245482683181763, "val_eval/acc_y:notblond_male:0": 0.9095489382743835, "val_eval/count_y:notblond_male:0": 8535.0, "val_eval/acc_y:notblond_male:1": 0.9438134431838989, "val_eval/count_y:notblond_male:1": 8276.0, "val_eval/acc_y:blond_male:0": 0.9213639497756958, "val_eval/count_y:blond_male:0": 2874.0, "val_eval/acc_y:blond_male:1": 0.8021978139877319, "val_eval/count_y:blond_male:1": 182.0, "val_eval/acc_wg": 0.8021978139877319, "val_eval/acc_y:notblond": 0.9264172315597534, "val_eval/count_y:notblond": 16811.0, "val_eval/acc_y:blond": 0.9142670035362244, "val_eval/count_y:blond": 3056.0, "val_eval/epoch": 49, "test_algo/loss_group:0": 0.5242909789085388, "test_algo/loss_group:1": 0.4018181264400482, "test_algo/loss_group:2": 0.3996339440345764, "test_algo/loss_group:3": 1.4177868366241455, "test_algo/loss_avg": 0.4706314415793632, "test_algo/acc_group:0": 0.9245415925979614, "test_algo/acc_group:1": 0.9417388439178467, "test_algo/acc_group:2": 0.9084674715995789, "test_algo/acc_group:3": 0.7888888716697693, "test_algo/acc_avg": 0.9278128441535521, "test_algo/objective": 0.4706314415793632, "test_algo/count_group:0": 9767.0, "test_algo/count_group:1": 7535.0, "test_algo/count_group:2": 2480.0, "test_algo/count_group:3": 180.0, "test_algo/count": 19962, "test_algo/epoch": 49, "test_algo/batch": 156, "test_eval/acc_avg": 0.9278128147125244, "test_eval/acc_y:notblond_male:0": 0.9245418310165405, "test_eval/count_y:notblond_male:0": 9767.0, "test_eval/acc_y:notblond_male:1": 0.9417385458946228, "test_eval/count_y:notblond_male:1": 7535.0, "test_eval/acc_y:blond_male:0": 0.9084677696228027, "test_eval/count_y:blond_male:0": 2480.0, "test_eval/acc_y:blond_male:1": 0.7888888716697693, "test_eval/count_y:blond_male:1": 180.0, "test_eval/acc_wg": 0.7888888716697693, "test_eval/acc_y:notblond": 0.932030975818634, "test_eval/count_y:notblond": 17302.0, "test_eval/acc_y:blond": 0.9003759622573853, "test_eval/count_y:blond": 2660.0, "test_eval/epoch": 49, "_wandb": {"runtime": 6732}}