{"train_algo/loss_group:0": 0.02094840444624424, "train_algo/loss_group:1": 0.023519981652498245, "train_algo/loss_group:2": 0.02326921746134758, "train_algo/loss_group:3": 0.02117953822016716, "train_algo/loss_avg": 0.02219602054571065, "train_algo/acc_group:0": 1.0, "train_algo/acc_group:1": 1.0, "train_algo/acc_group:2": 1.0, "train_algo/acc_group:3": 0.9975786805152893, "train_algo/acc_avg": 0.9993769470404984, "train_algo/objective": 0.019208235016841196, "train_algo/weight_group:0": 0.34689608216285706, "train_algo/weight_group:1": 0.1442323923110962, "train_algo/weight_group:2": 0.09453785419464111, "train_algo/weight_group:3": 0.4143505394458771, "train_algo/count_group:0": 413.0, "train_algo/count_group:1": 395.0, "train_algo/count_group:2": 384.0, "train_algo/count_group:3": 413.0, "train_algo/count": 1605, "train_algo/epoch": 299, "train_algo/batch": 76, "_timestamp": 1704446844.5807052, "_runtime": 4317.23401927948, "_step": 1959, "train_eval/acc_avg": 0.9993756413459778, "train_eval/acc_y:landbird_background:land": 0.9991666674613953, "train_eval/count_y:landbird_background:land": 1200.0, "train_eval/acc_y:landbird_background:water": 1.0, "train_eval/count_y:landbird_background:water": 1168.0, "train_eval/acc_y:waterbird_background:land": 1.0, "train_eval/count_y:waterbird_background:land": 1244.0, "train_eval/acc_y:waterbird_background:water": 0.9983235597610474, "train_eval/count_y:waterbird_background:water": 1193.0, "train_eval/acc_wg": 0.9983235597610474, "train_eval/adj_acc_avg": 0.9990225245979953, "train_eval/acc_y:landbird": 0.9995777010917664, "train_eval/count_y:landbird": 2368.0, "train_eval/acc_y:waterbird": 0.9991793036460876, "train_eval/count_y:waterbird": 2437.0, "train_eval/epoch": 299, "val_algo/loss_group:0": 0.03781290352344513, "val_algo/loss_group:1": 0.42997729778289795, "val_algo/loss_group:2": 0.7974551320075989, "val_algo/loss_group:3": 0.15454570949077606, "val_algo/loss_avg": 0.287442980655737, "val_algo/acc_group:0": 0.9850106835365295, "val_algo/acc_group:1": 0.836909830570221, "val_algo/acc_group:2": 0.7293232679367065, "val_algo/acc_group:3": 0.9624059200286865, "val_algo/acc_avg": 0.8965804815988324, "val_algo/objective": 0.16983293306651062, "val_algo/weight_group:0": 0.34672266244888306, "val_algo/weight_group:1": 0.14430585503578186, "val_algo/weight_group:2": 0.09462299942970276, "val_algo/weight_group:3": 0.4143483340740204, "val_algo/count_group:0": 467.0, "val_algo/count_group:1": 466.0, "val_algo/count_group:2": 133.0, "val_algo/count_group:3": 133.0, "val_algo/count": 1199, "val_algo/epoch": 299, "val_algo/batch": 19, "val_eval/acc_avg": 0.8965804576873779, "val_eval/acc_y:landbird_background:land": 0.9850106835365295, "val_eval/count_y:landbird_background:land": 467.0, "val_eval/acc_y:landbird_background:water": 0.8369098901748657, "val_eval/count_y:landbird_background:water": 466.0, "val_eval/acc_y:waterbird_background:land": 0.7293233275413513, "val_eval/count_y:waterbird_background:land": 133.0, "val_eval/acc_y:waterbird_background:water": 0.9624060392379761, "val_eval/count_y:waterbird_background:water": 133.0, "val_eval/acc_wg": 0.7293233275413513, "val_eval/adj_acc_avg": 0.9713585152491787, "val_eval/acc_y:landbird": 0.9110396504402161, "val_eval/count_y:landbird": 933.0, "val_eval/acc_y:waterbird": 0.8458646535873413, "val_eval/count_y:waterbird": 266.0, "val_eval/epoch": 299, "test_algo/loss_group:0": 0.031697798520326614, "test_algo/loss_group:1": 0.40442559123039246, "test_algo/loss_group:2": 0.7554406523704529, "test_algo/loss_group:3": 0.18009312450885773, "test_algo/loss_avg": 0.2733985370588909, "test_algo/acc_group:0": 0.992017924785614, "test_algo/acc_group:1": 0.8368070721626282, "test_algo/acc_group:2": 0.736760139465332, "test_algo/acc_group:3": 0.9345794320106506, "test_algo/acc_avg": 0.8969623750557272, "test_algo/objective": 0.10810392956009278, "test_algo/weight_group:0": 0.34672266244888306, "test_algo/weight_group:1": 0.14430584013462067, "test_algo/weight_group:2": 0.09462299942970276, "test_algo/weight_group:3": 0.4143483340740204, "test_algo/count_group:0": 2255.0, "test_algo/count_group:1": 2255.0, "test_algo/count_group:2": 642.0, "test_algo/count_group:3": 642.0, "test_algo/count": 5794, "test_algo/epoch": 299, "test_algo/batch": 91, "test_eval/acc_avg": 0.8969624042510986, "test_eval/acc_y:landbird_background:land": 0.9920177459716797, "test_eval/count_y:landbird_background:land": 2255.0, "test_eval/acc_y:landbird_background:water": 0.8368070721626282, "test_eval/count_y:landbird_background:water": 2255.0, "test_eval/acc_y:waterbird_background:land": 0.736760139465332, "test_eval/count_y:waterbird_background:land": 642.0, "test_eval/acc_y:waterbird_background:water": 0.9345794320106506, "test_eval/count_y:waterbird_background:water": 642.0, "test_eval/acc_wg": 0.736760139465332, "test_eval/adj_acc_avg": 0.9704191040943014, "test_eval/acc_y:landbird": 0.9144124388694763, "test_eval/count_y:landbird": 4510.0, "test_eval/acc_y:waterbird": 0.835669755935669, "test_eval/count_y:waterbird": 1284.0, "test_eval/epoch": 299, "_wandb": {"runtime": 4316}}