{"train_algo/loss_group:0": 0.006613040808588266, "train_algo/loss_group:1": 0.008903111331164837, "train_algo/loss_group:2": 0.004066548775881529, "train_algo/loss_group:3": 0.007037811446934938, "train_algo/loss_avg": 0.006697739644433347, "train_algo/acc_group:0": 0.9985795021057129, "train_algo/acc_group:1": 0.9943900108337402, "train_algo/acc_group:2": 1.0, "train_algo/acc_group:3": 0.998548686504364, "train_algo/acc_avg": 0.9978339332535806, "train_algo/objective": 0.005209080702944622, "train_algo/weight_group:0": 0.47408565878868103, "train_algo/weight_group:1": 0.09298476576805115, "train_algo/weight_group:2": 0.3814341425895691, "train_algo/weight_group:3": 0.051499828696250916, "train_algo/count_group:0": 704.0, "train_algo/count_group:1": 713.0, "train_algo/count_group:2": 664.0, "train_algo/count_group:3": 689.0, "train_algo/count": 2770, "train_algo/epoch": 49, "train_algo/batch": 1272, "_timestamp": 1704489516.7528284, "_runtime": 13198.230760335922, "_step": 969, "train_eval/acc_avg": 0.9965841174125671, "train_eval/acc_y:notblond_male:0": 0.9962326288223267, "train_eval/count_y:notblond_male:0": 40612.0, "train_eval/acc_y:notblond_male:1": 0.9967971444129944, "train_eval/count_y:notblond_male:1": 40901.0, "train_eval/acc_y:blond_male:0": 0.9965260624885559, "train_eval/count_y:blond_male:0": 40588.0, "train_eval/acc_y:blond_male:1": 0.9967788457870483, "train_eval/count_y:blond_male:1": 40669.0, "train_eval/acc_wg": 0.9962326288223267, "train_eval/acc_y:notblond": 0.9965158700942993, "train_eval/count_y:notblond": 81513.0, "train_eval/acc_y:blond": 0.9966526031494141, "train_eval/count_y:blond": 81257.0, "train_eval/epoch": 49, "val_algo/loss_group:0": 0.21176713705062866, "val_algo/loss_group:1": 0.04261532798409462, "val_algo/loss_group:2": 0.7144985795021057, "val_algo/loss_group:3": 3.198317766189575, "val_algo/loss_avg": 0.24138928185611197, "val_algo/acc_group:0": 0.9547744393348694, "val_algo/acc_group:1": 0.9894878268241882, "val_algo/acc_group:2": 0.8503828048706055, "val_algo/acc_group:3": 0.45604395866394043, "val_algo/acc_avg": 0.94956460465073, "val_algo/objective": 0.4910848018279067, "val_algo/weight_group:0": 0.474141389131546, "val_algo/weight_group:1": 0.09298821538686752, "val_algo/weight_group:2": 0.3813660740852356, "val_algo/weight_group:3": 0.05150458961725235, "val_algo/count_group:0": 8535.0, "val_algo/count_group:1": 8276.0, "val_algo/count_group:2": 2874.0, "val_algo/count_group:3": 182.0, "val_algo/count": 19867, "val_algo/epoch": 49, "val_algo/batch": 156, "val_eval/acc_avg": 0.9495645761489868, "val_eval/acc_y:notblond_male:0": 0.9547744393348694, "val_eval/count_y:notblond_male:0": 8535.0, "val_eval/acc_y:notblond_male:1": 0.9894876480102539, "val_eval/count_y:notblond_male:1": 8276.0, "val_eval/acc_y:blond_male:0": 0.8503827452659607, "val_eval/count_y:blond_male:0": 2874.0, "val_eval/acc_y:blond_male:1": 0.45604395866394043, "val_eval/count_y:blond_male:1": 182.0, "val_eval/acc_wg": 0.45604395866394043, "val_eval/acc_y:notblond": 0.9718636870384216, "val_eval/count_y:notblond": 16811.0, "val_eval/acc_y:blond": 0.826897919178009, "val_eval/count_y:blond": 3056.0, "val_eval/epoch": 49, "test_algo/loss_group:0": 0.1925836056470871, "test_algo/loss_group:1": 0.05208292976021767, "test_algo/loss_group:2": 0.7965273857116699, "test_algo/loss_group:3": 3.6063811779022217, "test_algo/loss_avg": 0.24536348950700465, "test_algo/acc_group:0": 0.9636533260345459, "test_algo/acc_group:1": 0.9875249266624451, "test_algo/acc_group:2": 0.8294352889060974, "test_algo/acc_group:3": 0.4388889968395233, "test_algo/acc_avg": 0.9512573885494866, "test_algo/objective": 0.5236887106967342, "test_algo/weight_group:0": 0.47414135932922363, "test_algo/weight_group:1": 0.09298816323280334, "test_algo/weight_group:2": 0.3813658356666565, "test_algo/weight_group:3": 0.05150458589196205, "test_algo/count_group:0": 9767.0, "test_algo/count_group:1": 7535.0, "test_algo/count_group:2": 2480.0, "test_algo/count_group:3": 180.0, "test_algo/count": 19962, "test_algo/epoch": 49, "test_algo/batch": 156, "test_eval/acc_avg": 0.9512574076652527, "test_eval/acc_y:notblond_male:0": 0.9636531472206116, "test_eval/count_y:notblond_male:0": 9767.0, "test_eval/acc_y:notblond_male:1": 0.9875248670578003, "test_eval/count_y:notblond_male:1": 7535.0, "test_eval/acc_y:blond_male:0": 0.8294354677200317, "test_eval/count_y:blond_male:0": 2480.0, "test_eval/acc_y:blond_male:1": 0.43888887763023376, "test_eval/count_y:blond_male:1": 180.0, "test_eval/acc_wg": 0.43888887763023376, "test_eval/acc_y:notblond": 0.9740492701530457, "test_eval/count_y:notblond": 17302.0, "test_eval/acc_y:blond": 0.8030075430870056, "test_eval/count_y:blond": 2660.0, "test_eval/epoch": 49, "_wandb": {"runtime": 13197}}