{"train_algo/loss_group:0": 0.4285759925842285, "train_algo/loss_group:1": 0.5427449345588684, "train_algo/loss_group:2": 0.4142264723777771, "train_algo/loss_group:3": 0.7251251935958862, "train_algo/loss_avg": 0.43379756093025185, "train_algo/acc_group:0": 0.8083004951477051, "train_algo/acc_group:1": 0.7272725701332092, "train_algo/acc_group:2": 0.8102065324783325, "train_algo/acc_group:3": 0.6263155937194824, "train_algo/acc_avg": 0.8015625000000003, "train_algo/objective": 0.43379756093025185, "train_algo/count_group:0": 3036.0, "train_algo/count_group:1": 176.0, "train_algo/count_group:2": 2998.0, "train_algo/count_group:3": 190.0, "train_algo/count": 6400, "train_algo/epoch": 17, "train_algo/batch": 300, "_timestamp": 1704541460.5888684, "_runtime": 2225.1658053398132, "_step": 114}