{"val_eval/acc_avg": 0.8648874163627625, "val_eval/acc_y:landbird_background:land": 0.9871520400047302, "val_eval/count_y:landbird_background:land": 467.0, "val_eval/acc_y:landbird_background:water": 0.7939913868904114, "val_eval/count_y:landbird_background:water": 466.0, "val_eval/acc_y:waterbird_background:land": 0.6315789222717285, "val_eval/count_y:waterbird_background:land": 133.0, "val_eval/acc_y:waterbird_background:water": 0.9172932505607605, "val_eval/count_y:waterbird_background:water": 133.0, "val_eval/acc_wg": 0.6315789222717285, "val_eval/adj_acc_avg": 0.9601876197318713, "val_eval/acc_y:landbird": 0.8906752467155457, "val_eval/count_y:landbird": 933.0, "val_eval/acc_y:waterbird": 0.7744361162185669, "val_eval/count_y:waterbird": 266.0, "val_eval/epoch": 140, "_timestamp": 1704541494.449323, "_runtime": 2296.852916955948, "_step": 844}