{"train_algo/loss_group:0": 0.09679340571165085, "train_algo/loss_group:1": 0.0765024796128273, "train_algo/loss_group:2": 0.018287893384695053, "train_algo/loss_group:3": 0.07071244716644287, "train_algo/loss_avg": 0.07636334250370662, "train_algo/acc_group:0": 0.9780219793319702, "train_algo/acc_group:1": 0.9677419662475586, "train_algo/acc_group:2": 1.0, "train_algo/acc_group:3": 0.9761905074119568, "train_algo/acc_avg": 0.9791666666666667, "train_algo/objective": 0.07636334250370662, "train_algo/count_group:0": 182.0, "train_algo/count_group:1": 62.0, "train_algo/count_group:2": 56.0, "train_algo/count_group:3": 84.0, "train_algo/count": 384, "train_algo/epoch": 299, "train_algo/batch": 6, "_timestamp": 1704385064.747178, "_runtime": 2742.6103670597076, "_step": 1799, "train_eval/acc_avg": 0.9791666865348816, "train_eval/acc_y:landbird_background:land": 0.9780219793319702, "train_eval/count_y:landbird_background:land": 182.0, "train_eval/acc_y:landbird_background:water": 0.9677419066429138, "train_eval/count_y:landbird_background:water": 62.0, "train_eval/acc_y:waterbird_background:land": 1.0, "train_eval/count_y:waterbird_background:land": 56.0, "train_eval/acc_y:waterbird_background:water": 0.976190447807312, "train_eval/count_y:waterbird_background:water": 84.0, "train_eval/acc_wg": 0.9677419066429138, "train_eval/adj_acc_avg": 0.9774804375094591, "train_eval/acc_y:landbird": 0.9754098653793335, "train_eval/count_y:landbird": 244.0, "train_eval/acc_y:waterbird": 0.9857142567634583, "train_eval/count_y:waterbird": 140.0, "train_eval/epoch": 299, "val_algo/loss_group:0": 0.19379980862140656, "val_algo/loss_group:1": 0.24072027206420898, "val_algo/loss_group:2": 0.486819326877594, "val_algo/loss_group:3": 0.31248751282691956, "val_algo/loss_avg": 0.25770474696303525, "val_algo/acc_group:0": 0.9207708239555359, "val_algo/acc_group:1": 0.9120171070098877, "val_algo/acc_group:2": 0.8345864415168762, "val_algo/acc_group:3": 0.9097744226455688, "val_algo/acc_avg": 0.9065888218824022, "val_algo/objective": 0.25770474696303525, "val_algo/count_group:0": 467.0, "val_algo/count_group:1": 466.0, "val_algo/count_group:2": 133.0, "val_algo/count_group:3": 133.0, "val_algo/count": 1199, "val_algo/epoch": 299, "val_algo/batch": 19, "val_eval/acc_avg": 0.9065888524055481, "val_eval/acc_y:landbird_background:land": 0.9207708835601807, "val_eval/count_y:landbird_background:land": 467.0, "val_eval/acc_y:landbird_background:water": 0.9120171666145325, "val_eval/count_y:landbird_background:water": 466.0, "val_eval/acc_y:waterbird_background:land": 0.8345864415168762, "val_eval/count_y:waterbird_background:land": 133.0, "val_eval/acc_y:waterbird_background:water": 0.9097744226455688, "val_eval/count_y:waterbird_background:water": 133.0, "val_eval/acc_wg": 0.8345864415168762, "val_eval/adj_acc_avg": 0.9170044035061308, "val_eval/acc_y:landbird": 0.9163987040519714, "val_eval/count_y:landbird": 933.0, "val_eval/acc_y:waterbird": 0.8721804618835449, "val_eval/count_y:waterbird": 266.0, "val_eval/epoch": 299, "test_algo/loss_group:0": 0.19352513551712036, "test_algo/loss_group:1": 0.2327171415090561, "test_algo/loss_group:2": 0.4015958905220032, "test_algo/loss_group:3": 0.37687745690345764, "test_algo/loss_avg": 0.2521498194790563, "test_algo/acc_group:0": 0.918403685092926, "test_algo/acc_group:1": 0.9019955992698669, "test_algo/acc_group:2": 0.8707166314125061, "test_algo/acc_group:3": 0.8831776976585388, "test_algo/acc_avg": 0.9028305143251641, "test_algo/objective": 0.2521498194790563, "test_algo/count_group:0": 2255.0, "test_algo/count_group:1": 2255.0, "test_algo/count_group:2": 642.0, "test_algo/count_group:3": 642.0, "test_algo/count": 5794, "test_algo/epoch": 299, "test_algo/batch": 91, "test_eval/acc_avg": 0.9028305411338806, "test_eval/acc_y:landbird_background:land": 0.9184035658836365, "test_eval/count_y:landbird_background:land": 2255.0, "test_eval/acc_y:landbird_background:water": 0.9019955396652222, "test_eval/count_y:landbird_background:water": 2255.0, "test_eval/acc_y:waterbird_background:land": 0.8707165122032166, "test_eval/count_y:waterbird_background:land": 642.0, "test_eval/acc_y:waterbird_background:water": 0.8831775784492493, "test_eval/count_y:waterbird_background:water": 642.0, "test_eval/acc_wg": 0.8707165122032166, "test_eval/adj_acc_avg": 0.9094518619110736, "test_eval/acc_y:landbird": 0.9101995825767517, "test_eval/count_y:landbird": 4510.0, "test_eval/acc_y:waterbird": 0.8769470453262329, "test_eval/count_y:waterbird": 1284.0, "test_eval/epoch": 299, "_wandb": {"runtime": 2741}}